TRIP_ID,VEHICLE_ID
a480d62d-f0a0-59f2-9c63-166c5b7d4f6e,218-367
a426f899-6c67-5cc7-b81e-31c1ac9f5668,479-036
8fd208ca-ae5d-5d90-8155-1d23f458978d,354-400
6bef12d2-3888-57d0-9bf7-394df015d014,810-126
78beecff-f295-5c85-a051-9b92783dc2c0,810-126
f357e0df-499f-523e-a699-4d929fa7e745,636-520
ae57c2e7-7666-5b88-8a94-c88eeb5ea090,218-367
1e1b8bfd-4d6a-5201-978c-bcb07388abe0,726-682
10e65298-fe8a-5a66-8664-87be2c4f2222,270-513
72cf1e26-d17c-5736-b38d-218e2cdf8f88,982-920
2459d857-fef7-5145-8cd7-0b9c4930106f,094-773
12dfef05-4cda-5836-8149-f09d369ec415,806-762
eb4e32a1-2d2e-5172-9cec-f182695237e2,654-417
03ea6995-f389-549d-b879-1e2b1f2836e4,778-967
a9d5caa3-37d3-53ab-bf95-4821b4900b09,494-776
05a28bb9-90ca-52a0-a6d0-e9fd54b417b2,109-319
4bd0cdf9-8a97-55d7-9734-bea1627d46fa,730-550
2ac00c7d-8345-53f5-98eb-38fd3dde7acf,623-606
f2248fb3-bfde-5540-990f-b8aa9029b9d0,109-319
dad99f12-386e-5d0b-b607-76b0b92372b3,989-218
a23cebd1-1731-50fa-8743-6db83230e8b9,387-941
f027a20a-0037-5b2b-b146-22d4466ee4ec,641-429
7e8cb9d7-3579-5d1f-8fb5-d5d086ebc05a,109-319
9b7cabd1-1d04-5ef4-8d54-c946f3ff1c32,864-057
cc917eb4-1dd5-50d7-8943-86a84d55a04c,778-967
ac0ebbc0-08eb-5acc-a9fc-6fe9e210f736,898-820
85c03c25-d2b4-5eec-a75b-e785dceadc31,109-319
ec56e2fd-59f5-511e-bbac-d04b62423096,579-009
0bfd1592-7336-520f-821b-4998c7215803,494-776
8eb1c563-957a-5630-8369-101cd8202707,989-218
6de602e2-b7d5-552b-8912-f96113e72481,271-186
5e39bdc0-5f0c-5c23-81e2-2be79b2471e2,778-967
77fab041-50d3-57bd-bad0-cd78c8c62eaa,422-616
e0c08565-1184-5e73-91e7-3d750ecc87a6,052-368
7f7ce422-9985-5e4c-afbc-5b25ac45c28e,109-319
0fe4f9b1-16dc-569b-bb3a-cc866a9f3baa,989-218
6122d0c2-2119-5365-aedb-0400d33a10fb,345-239
d3087f81-f73c-550c-8142-103d9a27d390,680-801
5b58e079-6a8b-5561-a824-37a59fc05bf7,109-319
78579ce1-1861-55ff-b164-6774763ff28c,636-520
6380007d-66c1-554d-9a6a-635469dc4477,898-820
c3586c99-9f8e-50fb-913a-dbe4e39b11ce,098-628
236f2c5d-cc0c-5566-95a2-54ce5dbc6f65,422-616
6c0eab49-effc-5299-b83a-812192a05c14,898-820
4aa34b44-823f-5ee8-9e8b-84a4c5f1f75d,352-390
36776b50-c11a-5ae8-89a1-c695cb7a9231,345-239
7c917ad9-7c14-5f3d-bec5-ad22fa62ba9b,806-762
d1fcaa51-3cb6-5d67-9565-9ef80038f41a,109-319
35557feb-1e87-56ce-95e9-644f19cc7bf5,989-678
1a936055-506b-5bb2-9395-3d688e358bc1,397-304
b4fc9605-cbe8-50ee-8e1f-b7bb09b145b3,352-484
d488ca60-15ee-5631-989d-223ff72cfe0e,641-429
cccd07db-f76a-5da3-ae08-ce399b5859aa,109-319
4abfbd9f-0c0b-5c16-bca6-b199425fe71f,599-290
8f30101c-89f7-5efb-8312-a9428f57941c,309-591
13d59d5d-825c-5cd8-8f71-87ec402390c0,158-334
9b1b7bda-866f-50ea-9391-0e4d06f1d245,898-820
012741c4-5102-5840-b165-129a7381255b,479-036
ebd146fd-070d-563d-acca-34a6eae2d793,579-009
80e84b3d-03df-58a9-b049-273c891143e2,976-968
4badf063-002f-5c67-a30c-4a2d73f4b7db,712-827
00fccf9a-7dd4-5cf7-b34d-c853f8703114,898-820
e05485d5-5fd2-5858-bec9-1835a12d4410,158-334
62b68c8e-a830-5c78-af56-044b2497d07a,439-841
fa52bc3d-7eb2-5d26-9e6d-648f156fa7eb,387-941
e254d7f5-4454-5573-ae01-2adf20574cab,294-398
a1d3ea1e-b6a5-5278-801f-a75d5a457dbe,636-520
74c2798e-51ca-5f4b-932c-9c1187ab4bfd,094-773
8713dc4f-c08e-55db-b036-bee9f1ed6f73,898-820
dd44e3f4-81b2-5a48-833f-7b5e5afe574a,860-578
9675e79b-c901-5a97-b8e2-2f6c055c665f,109-319
e484b5cb-317d-5044-b6d0-f05ad5f5b717,200-517
7df6832d-0ee9-52f5-b4b7-1eabbe3365ec,565-182
849fc37c-f155-509a-b654-257d94e524bf,716-808
3448d9c1-6140-5139-a09e-844f2eab1150,806-762
2666e565-8a93-500a-99ee-d29a5c42a3f8,898-820
494f0729-fae9-5d83-8632-585521072270,579-009
7e255aa2-fded-5d54-a623-aec6427ae2b5,810-126
c8eb85ce-d718-5cef-8a00-ec91ed8991f0,109-319
be2dadfa-698f-53b3-8879-e1dcf53dc8ce,623-606
a21098df-bdbe-507b-a128-75d04622ad31,989-678
60ffed1e-bd35-5668-b37e-2f74c70e8765,199-306
82ed6c19-b786-5a01-879e-38c4e7ce438a,989-218
c7db5d50-dd7b-5e9d-8502-394e1ab5e630,898-820
5a1737bd-850b-54c1-b2ea-b637d1b66681,778-967
2b4678f2-9f49-55e2-9b26-9c6fa1bea225,199-306
1dafe660-06e6-5455-8110-743f44f3f3be,781-999
a45107be-e449-50a6-b967-260ca085f1d6,778-967
f4e115b4-dc84-5b07-9259-76bfc5946b46,730-550
7373d4bb-c1a3-5efe-aa10-e888b2b67e54,367-394
f06ca3c0-0d6a-51fe-940f-136cfaaf5051,778-967
943699f6-cf60-58e9-835b-bd785eeca6c7,052-368
aa7044a8-ab13-5a46-853f-9a89d23eb58a,397-304
53df2ee7-5f15-53d9-b618-c6ae1bc84e82,793-230
7d491991-48dc-53b3-852a-880e67dad0a5,806-762
28ef64e2-d9e4-5ccf-a81f-e398a0799808,094-773
74ba6d1d-d9dd-59fe-a7a6-fa96b26d6607,109-319
933ec054-0778-5b14-98fa-44450f2af022,469-750
a66bcd5f-0936-518e-b655-6968a3e68600,527-774
02ee86d0-5da2-53c8-8623-b6441710bef0,345-239
c38f91ab-9138-58b0-a7ab-6ba64babe76b,270-513
05a105bb-ef95-5102-8e92-5838b7d18a73,778-967
5691c0f7-0301-57c8-bb47-525b35b284c9,712-827
accdd6b8-9bf5-563e-b332-7a8912ea37c2,129-257
f28d32cc-c7eb-5065-81dd-117f7f2424d2,270-513
91a5aa0a-5f2c-5ff9-b059-123a4f0fef4e,309-591
83b4d703-c2b9-5750-83dd-b541e81a918f,068-898
50d68e16-65ca-53aa-aa16-b247ba9b350d,843-191
9975e05d-f808-5be7-8ba6-b58c7992f909,827-746
20104e0a-7ef2-5a4f-bb18-e88129821597,778-967
2bd91bff-5806-575d-a452-60717bd2f0cd,094-773
c2b8f41b-9766-5270-b1a9-ef52f1fed3da,526-410
c1a75259-403a-5d18-8faf-c9312c08c183,680-801
124e929d-dd84-5c31-a573-2cb91addb2c7,726-682
21a21752-be50-54a3-a8b9-bdc68dca8a6e,469-750
a37a0c5e-7b12-5271-b213-6df0338a1ec3,708-380
fd0b52e8-0384-5715-917d-d377c7f3e53b,778-967
0f127845-9c79-586a-928d-acc3b06e249a,730-550
abcdb90c-aaca-5fd8-b677-e4886ccb8cd1,270-513
79a5a6cb-f07b-5edc-a2e4-8f6b857fefef,068-898
2c3f2a6d-c50f-585f-a421-5194d9317163,494-776
5febc0d3-85cc-57ca-bc41-723059a1e2b6,712-827
6ee5c618-d897-5f43-96cb-724189152431,680-801
4bcc4850-c59f-5859-9aed-9211e6586aad,976-968
ff6dc4ad-90f8-5bb3-b258-b351c22b7640,387-941
6fc6bb98-e665-53c7-a7f2-5b6fca092e44,712-827
73bbeb79-d2d3-5bed-b607-e38072459851,094-773
66d97f81-1379-5edf-8c04-5918afa3edb8,636-520
9b41d842-383c-5992-a003-2c793f5a7622,673-926
425910fc-3e10-54e1-9aa9-3d0dec885f65,641-429
06fc1573-7b58-5a29-bf3a-b39ed5f89b6e,271-186
1f0a09f9-ad8c-5d39-89ac-9639a37f2d3c,579-009
569c125c-8fa9-5c67-9b67-80954bb4e10a,527-774
8122a011-3a4c-51c9-8bad-b2ff3c9db49a,294-979
b52c2e58-3672-56ed-8d4b-72d8c909add9,778-967
4adac828-2aea-5b7e-ae3c-05049708fab7,387-941
69798950-2938-52bb-8722-e8a1542b372e,793-230
4bfbcccc-54a7-54d9-83ae-d4cf0830511a,778-967
3be1e4e8-e38e-58ef-93af-a0f1950c5159,158-334
f8b8dd96-8e5b-5d95-9070-596607def98e,185-279
372cbfda-6ff4-5ef4-ae53-19e70e9b8342,271-186
301df517-407a-54a4-ad18-13a76b1a36ff,352-484
9e53701c-e5c0-5662-8b5c-7652e80ed35d,052-978
f4940c61-3352-558a-8821-06e34c0d7411,716-808
370d1a75-0b25-5f5b-901e-38f2f8400b98,527-774
dc54c9f5-106d-5cb3-937c-6e07c6af1108,860-578
0722f570-d57e-50f3-aea8-9afc789ef16c,098-628
6307f9c3-abc5-5d71-90bf-a9825b8a4168,641-429
7da7c8e7-caf2-5e3b-84cc-072c1429eec8,352-390
154161e3-4ffb-51dd-9907-ede0aba875d0,708-380
3447d3e4-1f8e-5a73-b4fa-36face4ea3a7,781-999
78d72ef0-556a-5016-afe6-2d03120ae0be,636-175
3c7a16e9-e2b0-57d4-a6d5-d2a50576c098,860-578
4e5bf4e7-27f3-58ee-96e8-cc3ded9bf4ef,708-380
429db4ec-127e-579a-bc09-f2bc3fa90325,109-319
fe9a17da-9818-5497-a32b-0452205bc47b,270-513
3c62e9d6-df6f-5156-88b5-d25cae759588,462-966
ed34d7c7-ac64-5547-9220-f6edd016756d,778-967
26d62c2f-eb4e-52d9-81a5-68fbdd5ea7ff,439-841
52fa7466-a019-5fd1-9831-5f66fd466fe4,989-218
80749130-fc53-5376-be99-ad3b2312c88d,730-550
200aa948-e079-56e8-8306-5da4229dae42,579-009
30542f8c-4941-5bd9-9215-03f7eeef106a,270-513
be3d7fea-7058-5697-acfa-4557fe90e708,109-319
9b0f119c-9a06-5dd9-947e-7f790c5487d7,129-257
8e680608-9101-565d-a275-afb36e21b354,778-967
aee97f77-c803-51a2-bbdb-b857e328b0ab,778-967
63c91ced-52b1-5917-86da-a1336dd07921,989-678
d46dc91a-cd7d-5a1c-bb97-7fcbd3e4d226,527-774
6baeb205-9ead-5429-97ec-51da3d658b85,094-773
969a7eda-f808-5ab2-898c-cc52e8ad5306,548-915
297b121c-ee32-56f2-a439-0d6853d1ba88,898-820
fcaf4511-20a1-5c2b-9c16-811134a571e5,708-380
d8a03555-72a0-524e-802e-1f641547ec32,778-967
bf3a37d0-339a-52fc-b75e-858556dbfbea,898-820
81940d31-4e47-5019-964c-9710191bf06d,806-762
fe2708f7-fe3e-59b1-bbcd-22be82ae61a5,989-218
16c2afbf-76d4-539a-9f54-c7e772afd14b,548-915
f95fad32-2c9b-5fa9-b7ab-53c2936fb1b2,716-808
31acb850-5e18-50fe-b23e-38081aebe35b,469-750
5503f0c9-54ce-5e1a-b6e8-b5d07e2304af,778-967
118b5bf0-98fd-500e-a092-58665041e220,479-036
d19a1911-ebe1-58d4-9d4c-2771899540f4,599-290
1e714123-8f87-586f-8627-ebe4ea682a6a,989-678
571a0ee1-4c1a-598b-a1f4-9d3268885ef2,712-827
110faf52-44f8-5198-825f-81f8e446fefe,541-703
a514af2c-21fa-51cb-ad8b-52b00b1820eb,129-257
ef7c6185-dbbd-5fb0-ba8e-92105021d8c0,680-801
9cbda116-2194-511e-aa9e-3f2be390f5ab,462-966
054c02a5-0205-5005-ad27-db8bbeb6beeb,185-279
5139c50d-7197-5eac-9e2d-fd0984100580,864-057
e7eac766-f0a9-5b8e-bc56-4d66b06ed650,976-968
bb89f8b6-5bc6-53c1-bce4-7bec9405213c,200-517
e0a41d51-4356-5d61-a7e5-072306b8aa42,334-517
2fd160a0-2df2-5c62-b4ed-5b97b24f7853,052-287
a6e6754c-f7a1-5369-bfc3-c217f9c49ba9,462-966
a91ec73e-2c7b-5199-a38f-f6423d2fba39,462-966
6c1e1d6a-da7f-5ed0-b2c1-645f65c2dcce,548-915
111d221e-96b1-5768-90fb-e34617afe175,730-550
3160702a-d43e-504f-a6e5-4f7abce38881,680-801
36e0d1a3-b1c7-558a-945f-6043d811aefc,579-009
ce8ecf99-52c5-5c18-835d-247f14e3655e,712-827
9ab78a5c-8e35-5d34-a24a-92c0489672f4,109-319
4b33a229-423f-5943-8df7-65ad6313c571,397-304
464c8960-a0e3-51da-bf7b-2171f159a42c,810-126
9a893188-9473-5997-9f4b-1b32982bc9dc,636-520
0b0d0989-86ec-5255-8f16-13874b5b4428,579-009
80b82e54-db93-5a89-a573-548f6159dc79,806-762
8b9a2d17-24ba-51d6-98a7-eaef3eb4773e,989-218
7b7169f6-ecfe-50fc-9aaa-759a5f2c3e4e,479-036
bfb65574-2974-5bc6-a300-189be7942300,354-400
47fa47c1-f94b-547c-b77b-346f6d324bea,989-218
c6694b85-fa48-54ba-a9dd-f0044833716d,129-257
91ab974a-50d1-57cb-9674-c5564db6b066,898-820
cdcba828-62d4-5f87-b715-5241dcfd711b,778-967
5f6f1d44-3419-5cbb-a3c7-d79c565dfebe,579-009
6d41f35e-a81f-5c23-b315-b767edb534b7,452-931
49e26e00-87a0-5652-991a-da01ec414798,270-513
baf000df-b97e-5a9b-acfb-3c66b2de3bff,781-999
cec3bb29-175d-574c-9f57-d4c14b7a293a,806-762
2c072356-fe0d-5c88-a98e-07cfde93624f,367-394
eb7a7ebd-ce91-51fa-9030-c118d6320729,098-628
b6e25142-f34f-5a89-9fe1-f36f082807b5,730-550
4f134a23-d36c-53df-988b-25be6b2ecbb2,579-009
ef661c28-3129-5bec-8520-215ffd1d6c9f,345-239
71d35c35-aea9-54b6-9473-38a1bcba5a4c,548-915
aece30e9-0f02-592c-8820-2f4f1e6971af,579-009
42756fe7-ce58-5f2f-9b46-717af878edf6,294-979
00f18919-5ad2-51fc-a76b-fd956801fcd9,129-257
24d22ceb-b95f-5a76-bf66-008c19df1d9c,548-915
4401feb1-6553-5eea-8baf-199c489ef9ae,185-279
255b2b7e-e480-5117-920e-8f188404ccd4,068-898
adf124f1-e4a0-5277-9265-c1acd81cc99c,129-257
12428147-aa2d-5d32-b052-d6252299d722,579-009
8157fa51-0d25-5f8b-b25d-a11ac6da3c90,452-931
d17cce5b-c4fa-594d-9f33-26f1f0903dc5,052-287
8bc54d4f-e1b2-5910-b3f0-7494680eb801,989-218
77eb971c-7ff7-5ff1-9771-22ea94269add,527-774
825ad77d-6e63-5f4c-b960-69de5860986a,352-390
44b83d1d-4764-59e8-b419-b6d4d0ba2a19,218-367
d4804c4d-985e-58ca-915e-563635eeaed2,452-931
2a5c6a38-108a-552c-a7a0-086441a46b71,052-287
56d42b67-e4b7-5952-9976-3c624ebe655d,673-926
65c2d198-d690-5bec-8d6d-20864aff48a7,989-218
39a5e899-4c64-58e9-a863-ce719ead0a79,989-678
b5864cac-7870-5892-b488-055531bba258,452-931
ec638975-fa82-54c4-8009-aea5d0e4ef46,579-009
6ff5944a-32fa-5ef1-bedd-4e954b225655,712-827
ff277977-cdec-5667-8266-05eaadbe9cc6,479-036
71a280f2-9c63-558a-a608-ad293d09b412,579-009
49e64c58-64ab-5641-881d-427e43dd23cd,179-310
f1884c07-e93c-57fd-9264-0964a1fa70a7,673-926
54c2639e-41f6-576c-b293-0391f53aa55e,387-941
e3e71a98-60b8-5d90-a1b0-b694bb56fac4,479-036
34020724-cd01-5585-9a98-c242c0ba9dc9,778-967
8843e0a9-b432-5e58-be69-87c79bb0a029,989-678
802b1776-2c85-577c-9e89-60e6e21c2c21,052-287
38eeaecf-ee1c-5267-a7cc-163899d53203,270-513
246b30de-2495-56e2-b8bc-be657429d69f,439-841
aa64878f-eb0f-535e-8061-daef63f9ec0e,479-036
c883ae94-bb7d-539d-ab4b-bf399388462b,439-841
9a0af2f4-11da-50f7-8bfe-22291c71663f,843-191
b28362cc-3214-5974-90da-eacf3af10274,982-920
ae1fcf09-949a-562b-a05f-ac666c2beb0b,680-801
34282eee-f3cf-562c-8190-06d4a663fd1b,527-774
ba397cac-de71-513c-a424-6043d64a891c,673-926
a025981b-5af0-57c4-ae5a-ae6b86231297,494-776
f360288f-7c70-5310-a85f-a86d57d790f6,708-380
c82ab468-3555-586e-9343-435a439e2370,185-279
dff782ba-cd25-510f-a668-7fa20e5ff693,199-306
2d53f31d-d20c-5c31-aad5-223134f2585c,352-390
e0a50145-94f0-50fb-8ddf-70023a529e75,271-186
cd7626fe-ec23-5990-9a13-df5fb60f0701,781-999
59abd836-49eb-5d9d-88cb-b3e825543705,599-290
48b55d89-d3de-55bb-99af-aacdb4d96e45,094-773
3bda71c7-5e15-50f3-862f-c0b9d978da3b,810-126
0da8e843-e626-574a-b5cd-78e5d9c0df70,158-334
08e79a37-36e5-5166-b116-7b246e85346d,363-296
08a476b6-3121-507a-a9b6-277deca9f8e7,352-390
2bb4e216-424a-5354-af5f-d4f310041a7c,129-257
beb76745-9e66-5a3d-8adc-472097445a23,294-979
0a71861b-a778-5469-a265-6e23da15be3e,898-820
71fd6f86-66bd-55a8-9723-f2d20eb4993d,579-009
896d9960-c6e5-53f3-b573-d5b81883fe9f,548-915
fe75492e-c476-5e35-a251-b3cf9a44c710,462-966
4ef3eec3-0988-54f7-b336-0c7f88e0d88a,860-578
b825b732-44a3-54a0-8286-df35bf7ec10b,271-186
4c6f327b-fc2d-576c-b8d4-97635ab54fea,294-979
20b287a6-0eeb-517d-b5f3-dcea3b70ea0d,839-426
686a9006-8bf9-5882-8cf0-1db1ef0957ca,541-703
895a0614-4d9d-5208-b7dc-78e48d3ce234,860-578
79b8cb6f-2e50-5589-864b-d6b01023ca1f,129-257
7e51a498-7d18-556a-a1cd-c9b53ff381d8,129-257
5d00b671-6f3f-5706-a105-a8c7d9aa884c,271-186
3c276e26-9b8e-512a-8526-c33a21cb69e0,200-517
ff91f088-66e2-5692-9234-ff582b29d0af,548-915
53d55645-9f86-5d5a-bb09-340a24eeabae,654-417
b456b262-88dc-5de1-9187-1a3cf481d745,778-967
0f2a98c7-dd4a-5c68-b580-e73d054ed20f,636-520
2db996a8-afe8-5167-a9dc-f33086fbc6ba,387-941
ba57d80a-0c15-550e-8be9-c2a990e7f65a,726-682
e25ea0ef-5a60-5dee-89ac-59f2684572e4,982-920
ed4df13d-0d6f-508b-8207-a393fc6425bb,989-678
699e457c-48c6-51f8-af01-11924f254e2c,270-513
63b694d3-3c61-56b8-9c94-d88b76d8a5a1,778-967
a940d9ef-149e-5184-b70c-11282481cdc0,494-776
02d2a3f5-c242-50d3-9ca8-fac540f315e8,898-820
893743be-7ae7-5a9e-a163-8df6116fcfbc,898-820
9353700e-850c-5666-b816-fc52c17841ac,730-550
6ed59588-970f-517c-8cd7-8e3f9158206b,898-820
9b2c96c3-de7f-5b32-b23f-df875df891ed,158-334
3f8872d1-e1bb-5a47-b77c-ce9efa69d715,052-287
3cb2c850-afc7-5f14-9a99-a79ac16bd20a,352-484
68960407-cde3-5ab8-a749-8525b985a51e,345-239
5b2fd950-377e-563a-b4ed-25fc0a484200,641-429
ba16ed7a-82be-502a-a371-f25322cb3fb4,654-417
a1b140a6-6705-5ebe-9425-4d4fd6c4d622,352-484
0ae6ed8b-035a-5de4-82b4-2e09b61f3766,158-334
c55764c4-27c8-5163-b7cf-97406c11ff62,898-820
1598540d-88b2-5aab-b4d5-97d42b7e1cad,094-773
9615fff3-01b5-50da-9c54-f87d903a88c3,185-279
b154f5f4-1a6b-509a-a592-9a8d4b0d5a67,199-306
fc42f291-6ef3-5d8a-835c-3d707493e4ce,712-827
90837735-027f-5595-ae9f-191d32027d99,806-762
3a5eb2e8-3ca5-52ee-9f77-43f131e4e841,982-920
eb7b85d3-e7b2-5d5c-950f-da7dcdcda52a,094-773
0e31b318-b291-5969-8d37-307a71064023,200-517
250efba6-acad-5737-964e-1380998f8353,479-036
0b036bef-379a-55c3-847f-6a49d82694b4,109-319
7b4ed65e-e6d9-5bca-a9d2-b7c83e6bd888,052-978
abf5891d-5c1e-5ae0-a2e8-eb52e9712442,599-290
38930c77-84d3-57ae-a85a-111a695abdda,439-841
5035b234-5868-517b-bea4-3d5456d96c86,548-915
9258394d-7ee1-5d1a-a1e1-8e49c519a0c1,052-978
493c70e8-8330-5f59-83bf-38da8f243e65,541-703
66ba52cd-2c75-5e26-93fb-526e9d253580,827-746
29b95974-2d39-5569-83ed-476c720ead8a,109-319
7d07abdc-6912-5c7e-87e4-6d03347fae89,367-394
95d25558-5dc8-5985-ab08-ecb9f6bbac13,989-218
e6d25879-0c43-592b-b099-a4f75af29a42,778-967
51a7ff40-c25f-5b95-a983-a3f8310e38ce,716-808
757f51be-3c49-54be-9dc1-18f846a6f4be,599-290
c7e933f7-b21a-53fd-9f12-699f7f6308ca,452-931
bcb50658-f4d0-5898-8d37-cce63addd261,599-290
e1e1d955-54bd-5684-a1de-5e60048ed31c,599-290
66b4bfb0-82a2-5844-8234-16c3a3349d0b,579-009
bf1ec418-f68f-5604-a171-6f917ef13fb4,778-967
3ee562a4-a507-5f55-9670-a25221891880,271-186
c732f8f3-89e4-57ad-8d2f-474e5bf78f97,094-773
11058c3e-4dd1-585e-81bb-0f54a79b3ba2,294-979
4013ff48-8336-53fe-9e33-02b27a7f4b23,462-966
46969e81-1830-5917-bff0-b84b45095010,452-931
141b4417-39f2-54f0-8e7f-9ef9cb7ca6a1,730-550
f98db9a3-50a9-5ff4-ba6c-3f791c68b579,052-287
9fc210fb-839b-55b5-93e6-68340b7eeb34,810-126
73c7a9c9-9513-5293-aa8b-769cb4bed7b7,860-578
cf941d76-c0ac-5740-b687-8759338def3e,541-703
a692e25e-655b-5111-b999-69fca0c7e879,439-841
dcd9f34a-b68c-5912-9e27-0cf1b8970366,898-820
936a007d-aab8-53ed-a1be-d4ca1260f984,158-334
1ce60a73-578f-547c-b9e2-fb3346f344e9,270-513
fa7fd1e9-6436-56f3-a424-2003ba7c53f3,271-186
c3ad8573-9a66-5d69-85fd-6b66895f5b97,989-678
88405bec-0cd0-5612-a84b-84b75ed6363b,989-678
e9b7765d-3ade-5df3-872f-5f5c7c9aeda5,129-257
c062a324-d612-5547-a350-da7dd558fee0,778-967
52ab120b-187c-52aa-9018-13f2a21e722c,270-513
0e12e4df-5018-5838-bedf-1c783658e071,199-306
26cc5bfc-1a65-5368-9ebd-ecff8c4ed0f7,109-319
e37eb76e-9e0f-5168-bf33-34848268f153,712-827
c45e42a1-c40f-5014-aa84-63595f72fc60,271-186
c6e2a660-a11b-56a1-a326-902a57c540a8,397-304
091264b5-0db2-5e1e-bca7-87de62270024,860-578
63272054-3ea5-5871-a620-4baca2caa800,052-978
4c83d447-32a1-5a4c-91c7-eb140810cdb8,636-520
e0bf3100-603c-5e7c-a4ce-2c8e5c4e6e01,708-380
cab31efb-c23d-50df-b4a9-1eda894bce30,810-126
593bc565-51a7-5aa9-9610-4077445b02d8,778-967
3b06beb5-be3d-5bc1-8a34-c029bb52d4ad,599-290
07ba00bb-6aad-5899-9204-74eb573bf268,354-400
823d7930-cc36-52c7-a926-e26441a0ee7f,864-057
2d103b5b-3696-533e-b1e6-27ca0dbfb92c,680-831
743fd9fc-d667-590d-bcef-e5e50e3ac6a8,730-550
cd920f86-7322-584c-a922-aff58af00049,068-898
3625619a-f193-5ed7-944d-d9a7c45ce074,052-287
9055e4fc-d16d-5f39-9831-1a9637360746,479-036
af3832a3-dc6d-5820-b229-64adae9a40f2,778-967
768cdff0-5682-5dba-a9f5-7b04a6900f83,271-186
7537955c-8711-5e9f-b635-140a0e1aeee1,579-009
53236726-778a-55b5-9b35-eb0fe2efa397,199-306
69d4df77-eacb-556e-9eb1-6a77b615cecb,052-287
d85ae41c-8fa1-5167-996a-895244347e5d,094-773
ada95491-fd77-51f4-a9bb-54a3f8bc0ae0,654-417
1ddc0a32-07c6-5e1f-b716-036226559e5f,109-319
5e79536e-ece3-528f-b975-ca15af7d202f,452-931
06b28d9b-b3f8-5591-9958-08e508a55afc,929-224
2129a095-7102-5b90-9732-36bc0d5ee413,109-319
4dad7413-461c-50a6-beb3-cc1595738173,541-703
4ba61832-95f5-57d1-bed1-fdcce1e707cd,094-773
a02b9d5c-6a2b-5f98-bcc2-a6f3542d8a5d,839-426
9fd70a7e-9348-5b64-bb61-79855207447d,129-257
52228679-8f08-5709-81a7-3db657fd304d,989-678
65cd4238-aa6b-56fd-a8cd-225161489144,680-801
3ac8eb8b-65cb-5821-baca-1c6d2dcfd995,680-801
36e3d957-7260-5152-bba9-448bb976084e,129-257
331d0ebe-0522-521d-ad99-442972d153c8,094-773
5834f8b9-1190-5524-a098-9f7397007e33,778-967
7bc1c053-ee76-5511-bc71-e585166761da,548-915
fcbcd69f-7396-5b99-b84a-f42a7133318b,527-774
c3b2847f-85ca-502c-b8ba-e592721bcfa6,541-703
26526dc9-fd81-5db1-8f82-377946acb0db,199-306
10bfafb4-0ac6-5392-be1b-1a9d71255eef,387-941
7240b67c-a527-5486-8e29-0dd399fe20a3,579-009
7fc67916-772e-57d8-be6d-b929414f0ec2,860-578
33b5a49d-afd3-567d-93a0-880f2a3e47ae,068-898
8f3fcb4b-b232-584b-ad7d-0cb08f6334f0,218-367
7ec88861-78c4-5d23-a5b8-3f2a313a9230,158-334
3b9e4c42-1d90-5275-970c-c7ee1899acaa,548-915
063c5b32-a960-5dfa-8541-798f0849e5e4,673-926
900c3e7c-4c35-5526-90de-89e428331709,712-827
116d1312-0d15-5bc1-b5a5-35bbe0d20ec4,352-390
3f82d45a-246c-529a-85e2-11b96ca83c44,309-591
8ba0bd55-58c3-51b1-84e1-17aa9a273b2a,778-967
3a72d529-e360-5f26-8119-685db1bc33b0,636-520
e6cbbb93-b0fa-5208-987e-573720922d5a,354-400
276d2dd6-d87a-5b31-b14e-11980fc915d0,778-967
fb0fa3a7-3cf8-5b90-ad68-040250a119fb,565-182
175e0160-7893-5ade-83cb-5207b41e5ecf,479-036
852ce359-763b-543b-9962-5665c3a063af,712-827
236988fd-0d30-52f2-895a-0b334b0a40a9,579-009
31dec225-633c-5cc5-ba41-030a130a2ab5,976-968
c842ccc7-6e43-5281-9bbe-163818d16a8b,989-678
ba7c7076-0372-5a10-a858-1884f621a81b,860-578
7280787f-2117-597e-bc91-ef35b91e51a7,452-931
dd783919-f45b-5e1c-83d2-b1a3f2dc08a1,778-967
65396638-eee7-570e-bd1b-3e55fd634878,636-520
aaa17df8-f9a7-531f-a08b-5f5f1d734776,469-750
01d5c0e2-70f4-50ce-9ac6-4f014d31ebec,469-750
2e3194b7-a132-5e1f-a068-11a420c45b25,839-426
5c83659d-e22b-5981-9253-91f2a185ee26,579-009
b51959cf-5685-5d9e-9ac9-363e87e004a1,439-841
c4242848-d026-5762-9765-185c9dd351ea,129-257
efa288fd-2406-5345-8d9e-00846c12c6fa,109-319
0150b551-52a5-5f7c-a69a-9f8b4e26eab6,860-578
57cda7ea-7b4c-5a8d-ae30-82b55247fecd,479-036
33f99b5c-ef1c-511f-8225-31c63a000f1c,541-703
fab3362c-e37f-5b4b-a093-21a60a681679,271-186
33d74598-50f7-5394-a19f-99dd12d167a4,469-750
bb618a3f-e2c0-577f-b637-1289cf6765c1,778-967
a753b38c-f785-5813-81ea-d752a1b2bee2,345-239
4a1cdc5f-e99f-5c78-9fa8-80e9fb8c50fe,806-762
10635e2d-efdd-503a-aac1-3ebf9885a0a2,898-820
3937a20f-22d0-54af-aa91-222109b76ccb,094-773
ce3c7f9e-9384-53a0-a105-e4660ed97bc9,898-820
8e51ae82-7aa8-5cf4-90ec-35418095a53b,494-776
734a392e-e830-50d8-9e7f-06d208be8943,898-820
5caaff96-78e1-51f2-ae1f-a4840bd705cc,218-367
d405d6fc-6299-532a-8c2f-202c04449209,579-009
86e88b45-0a3e-5ba0-a996-b9bac3a36595,989-678
9b02e480-f4f8-5f96-b93a-643fd14ac2c1,708-380
547a93d1-ec2e-5227-a518-94836feb06cf,548-915
6d85acf2-c468-57e7-89d8-399b7f737cf0,778-967
a184bfec-2411-5fd4-a7df-5b225f2e3ebd,294-979
754ebd9d-4fb0-5600-bd1b-09f0bfa56ab3,781-999
93e41d78-d268-5e07-ac21-b55d1919c88b,712-827
941680b5-e11b-523c-823c-ccbd6814f522,636-175
0a7f791b-fe3b-528d-9fce-cf58bf76430f,439-841
53e48cb0-2c3c-589e-b071-69a27122af19,129-257
7a7a88f8-c2a4-5f82-b039-0ae88bf9d7ff,548-915
71f4f736-ebf3-5d7f-98ee-245e5b27fec5,843-191
13f0a829-5665-5880-8853-bb407a353532,579-009
05781d20-34b5-502c-bfc0-fb07f4fe561b,387-941
290949a2-5d0d-5483-b9ee-bb582f68f54a,708-380
9239211c-0b9b-5846-ad4e-d9ec51743af2,365-654
12824306-f96d-599e-9479-bd4c2cafa7c3,860-578
ade6b283-3342-53f8-8879-d0613c92b864,548-915
0643e1c6-1c7e-5ab9-b458-6dc7caf49b24,793-230
b677dd26-e106-5134-810c-ad11c8549321,778-967
bd6865f6-f2ca-5cbd-b628-0c9205663629,898-820
189ac142-213e-5ff0-a0cf-58301c9e451d,452-931
4e755d73-c2ed-5009-bfe1-375a0daffc5e,898-820
8d67e7d4-cbe7-5456-9226-79419ada1bc2,068-898
16386310-fa5f-54c8-8f46-897728f92254,271-186
4047ea4a-d135-5edc-9231-36725836d159,730-550
8c6bda48-bfbf-524f-8d12-b28ad8014459,271-186
e506318b-3b50-56bb-a453-fa078cb920d3,982-920
ad9854d9-fa7b-5788-a1df-58ddf06b8897,469-750
bf24b597-42f5-59b8-9d11-bcc32bc1f73a,708-380
6133b201-1e92-5e2a-b5ef-ac74e7e93724,641-429
1bd80c79-b9c6-5461-ae94-663a77fe7266,579-009
aab6b069-5f94-581d-a03f-147239d1c8f4,527-774
8bb4e692-a9d0-5fcf-8ee4-fda1563040bc,712-827
2ec2e039-e63c-52d1-b84b-e568db94b819,479-036
3830b8bb-b03f-5cb9-8091-9736458e2933,422-616
32aa76c8-5a73-557a-9ffe-da4258ff37ac,989-678
0172bf7b-e6e0-565e-9034-00da3b79bb09,462-966
01b7bc25-658e-505a-b85e-50811894f5c4,599-290
4fcb335a-33d7-557a-b40e-502f26ef0c74,129-257
d6aa9544-67c6-55df-be1f-cfc7a4b9a7d6,898-820
e3bea0ee-336a-57fc-b86a-73809e9810ae,271-186
17ac6880-85e5-50d6-9eab-21a1ceb96afc,989-678
ecdd0ce9-6265-5fef-9343-a389d2f4e5ce,806-762
58069c85-4950-5217-8729-06e28ef3b8f1,989-678
502169c0-75c8-5e43-82a7-b50ac2c1781a,294-979
f6afebe2-6c2f-5b5a-8cab-bd8b532b5f0a,778-967
1d83bcec-4735-58c9-a61f-d5e2dbe9c636,541-703
4a5a08bf-990e-5169-a2f7-4ff4e54df90b,199-306
545584fb-9fe8-5498-ba33-d4611642750f,129-257
21d211d0-c87e-57f2-a0c8-74e4edeb9298,654-417
b55a566f-7b01-58b2-a51d-e6e49db2686c,068-898
423ad395-2642-5c48-8945-0ae010232be7,579-009
5dd0ed8b-915d-5e8d-b29c-f693270d5b55,345-239
5874c1d7-eead-58b9-b506-599ef5bc0cb3,989-218
c9a88038-3da4-5c2d-9a05-ac97fa71ed31,158-334
e68351c8-9eed-57e8-be1b-cc391df098f3,541-703
49d87e96-b5d0-5732-9757-f34ede06c372,452-931
1d530919-e61f-5468-95f8-505cbf664815,068-898
fc7dacc2-a031-5817-8829-38ba9deed366,452-931
13996e75-67c7-50e7-a596-935d1c1b0ffe,982-920
6d373f87-0c39-542b-a0a9-c78a95f23686,989-678
3c6620c7-89ce-59ac-bd22-38edd0b43a1f,636-520
a654d3a4-7b73-55e0-986b-50f51db5472c,294-979
457e6777-09e9-5185-8682-63c0ce955808,541-703
69a339eb-b444-5962-b509-67e45ff10d75,094-773
51136a83-41af-5cb1-8dc5-e314f8a7e832,716-808
574f8376-8eb6-52eb-be1a-81c02e419ea1,654-417
e4504eae-04c1-5035-9ddc-1d0958e86700,680-801
74769390-96b2-521b-9b61-ad57ab353c47,680-801
25a9ff54-9042-59ae-a93e-2740c7e4142c,452-931
e613008b-8dee-5088-bf45-7e792fa80090,129-257
a5e1a203-62bc-52b7-b72d-221f1bd729b3,982-920
b31c88c2-b0dd-56ec-aa79-40688ed6adc3,345-239
24dfb0b2-12b6-54bf-afee-f37a9640cc87,989-678
6c0266db-be73-54e5-8f42-ccdaf7827152,218-367
48b74efa-691e-558a-990d-c6acf58b38e4,708-380
98954dd5-1117-52e1-a1f8-fc010f76f1f2,199-306
b894314d-1c70-5569-be2d-35ad9de6d042,989-218
32988eef-358f-5941-8408-c50a9435d28c,806-762
c40ad33a-f9bd-5cc2-8863-d5e7196a64f6,989-678
ff2a8d6f-4256-598b-bdad-26af038231da,778-967
a06735e8-1986-5c53-9410-707036c147cd,860-578
8102d44e-5676-5875-a82a-7f7a5615b13f,271-186
e22647ca-0011-53c8-a666-d73e1468eea7,806-762
c6fb1c75-0e5d-5694-846c-ac5acd8d2916,387-941
8b1f7248-2e1e-529b-8d88-04acb745a69e,989-678
84e903d7-2303-5954-85fe-39ceea56c106,599-290
c9a915ca-9905-52ca-b38f-a0f93b8507a9,541-703
ea13e46a-5f35-505c-a9a2-0cfa9707aeee,839-426
e4aa3e66-f3c0-5ed1-9994-b54020066025,778-967
0d354cda-ee92-5fa5-a508-9566f7821164,129-257
be506718-7254-56b0-abcb-eeb7177b580a,452-931
640836aa-1058-5f44-bc1c-ba44fc6e4d3c,387-941
85207b4e-f6d4-59ab-bea4-58acf8bda34c,781-999
16cc8755-9d8d-5012-8012-582ea1640f4d,898-820
85efec90-87c4-57c6-8eed-2854e3528517,708-380
fc074cac-7db4-5419-b248-416f75b68a20,781-999
3c67dced-f42a-5dc9-899b-8be91954e223,068-898
d019b3b0-db72-5606-9f97-d8c1e0b0f81e,452-931
3140cde7-9375-5a65-a47f-68d974eb6706,680-831
ebcc48be-86f3-5d0c-98f1-f5a4590f7da0,094-773
c00da379-80b4-5b15-920e-50dc6970f751,839-426
d4cd393d-d0ca-5d01-9226-3c62916b0adf,864-057
a13e97fd-97e0-50a5-9438-4d3226312e31,469-750
a4dbf36f-dbaa-5252-9415-57447bd29070,778-967
a9382ca6-d7e0-50cc-aea7-b03e06e73b59,579-009
becae30c-fa42-52ae-b91e-d57dfa6372cc,716-808
4dfc39d5-e5fa-5e33-b4de-70589b0c96e3,730-550
7823f11a-8080-5be2-9dee-d87bed025913,806-762
bfc7b4c0-d3b0-532b-9721-5add1268bbba,462-966
98b2c870-0250-55cb-8df8-972dbdae73f0,397-304
8beadabb-2654-5fdd-a5c5-faf783a7a8dd,730-550
a192500c-1ee1-5b19-b32f-2e7bece45c3d,810-126
9209f313-0298-51fd-b13a-453b4cbd4664,708-380
8f1d6306-6964-5fda-9e4b-683420c857c9,158-334
a08fe339-66ae-5eb7-9093-fa04343f2d54,109-319
9b6d052e-401b-5ebd-a7bc-46f2c784bd60,708-380
6f704a35-0a50-5657-ad07-b2986ebd8e81,068-898
5840a634-1566-5699-89cf-85d1d104980d,094-773
5811b765-1e44-5656-ba70-203646a22d04,387-941
8c1a4231-597b-564d-bd8a-e45231ac3161,129-257
31f810d2-171f-50cc-8834-55d2411790c2,068-898
17e02e21-6405-510f-9fcd-1ba1b6670e06,271-186
6b0c86d8-b225-5be6-9618-8f70dfe6074a,778-967
b34d93f8-9bd6-5a7a-97e7-6b19e3404d15,781-999
e25e55f9-f5a6-593c-ac9b-c115a232b791,599-290
6d74b458-7ef0-5055-97a5-d2c667bdcc14,052-368
3e76cd23-0917-548d-b062-68d6ce7faea1,052-287
2808e76e-097d-5859-9ad8-641f6d142c74,716-808
5d00760f-14ef-5d7e-a1fe-9f6a144613e2,336-388
17a21415-6384-59bc-b5be-dceffc1e0f47,599-290
e263c8db-0a6d-5812-b426-50a136e2bbdf,469-750
f9ad4058-7415-556c-a1c3-78f2e559240d,109-319
6f578852-2c6b-5987-9cb5-d9d530481b32,270-513
ad4b8227-6935-53e4-bcf2-333cd9789d8d,185-279
4d1b4e89-b76d-506d-8195-caf00563070f,462-966
4ad17bce-5b55-5c44-9b3f-34344fc1a74b,527-774
3377bf18-f0ad-528c-a1e8-d20f4c81234a,860-578
26d49fe7-7eb7-5638-885c-b29826ceca89,898-820
a6e223a3-028d-5b17-9a29-576c899d370b,109-319
eb00c593-9139-58c0-adc9-2fd8c22b5934,271-186
ea5d55f1-beca-5edc-8fb2-9d955004c636,052-978
3dfafc52-5afd-58be-8ccd-788e857c3e9e,599-290
f28ebf30-f888-5c16-bbe3-2270fb0572cb,843-191
b4495b5a-732b-56e8-ab9f-dc27130f870d,579-009
affc1a7b-2720-5eaf-a1fe-7ece3ffc6f72,052-287
2eea321e-13ae-51f0-a5b1-45106e361207,270-513
f737c86b-9f33-5a62-bdb4-1af2abcd6bde,218-367
5b9e3b78-1438-58df-8abe-cff7d7cfa246,452-931
c13a3921-66e2-537b-8502-59f96bb397b2,989-678
23c938ae-dfd5-5a19-b4e2-3ae0161ab599,860-578
193c01f2-79eb-54c3-831e-9c58da2d52fd,294-979
b1c9978f-f4ab-5d27-b94f-82e2f07b0b79,352-484
968a138a-6e86-5559-8659-a01e2b838a42,898-820
dbcdfcf8-8fa5-5bcc-aa0a-58f0a03bec57,708-380
00940847-9d28-5cf8-a7fc-dcef1bae3921,387-941
55d89d98-9baf-5293-994f-43b24b386776,200-517
0c608bcf-5d2e-549a-b8bd-df17b936cd46,363-296
0d58d1c4-6f81-5d68-b2a6-923b16fe211e,129-257
866b539f-6ecb-5457-94d3-bffaab1e65c6,898-820
2f40eab2-e2ba-5a65-8bd8-b8e18cff326e,806-762
f4d75e95-aa05-5416-974f-e4b6474b9f94,730-550
5b6d5c73-0261-5416-8ef9-c4dad221f638,860-578
36af4403-3666-5692-b22c-4fb82c67d883,860-578
56e7ec03-a09d-52cf-b948-dd74539be199,200-517
36077159-0063-5381-beaf-5abb0fa067b7,898-820
e05a7bd2-ebd0-5674-b3ae-72936c6ad802,109-319
d6f1d65f-ef41-56be-9db7-2d75932483bb,158-334
8d354e0d-898a-5d5c-8432-0c65aa221434,654-417
74a9f031-c69f-5f74-bb0f-c9fb4e018c0c,387-941
3031461d-dd6a-5b38-9203-6b7b5af8ab30,716-808
315f2ef2-ae3e-5827-907a-cb800dc5d18e,354-400
e23fe6f2-cf34-53e9-bb2c-eb51353bb812,778-967
76b24d14-ac1b-55e2-88f1-799df43e7a0e,109-319
b1d5d92a-0fc3-5091-a195-1b68b9b03c9b,548-915
a1c693ea-81a2-53aa-821d-05bb0e390ce1,860-578
b0c8ad57-a61b-535f-80cf-3bb168684252,781-999
2cc3d1a1-3b8d-54d2-ad4b-a392c2c62b4f,068-898
84374abc-ddcc-5d95-9749-4d67706fb609,526-410
36ec2776-4f38-52a1-ae64-c40cd0196a13,860-578
a86e09ce-4f0a-517e-8d62-4724485869b2,599-290
662959be-b6cf-5871-b1d9-7eb53a7d55b4,527-774
f22337a2-e627-5b21-94b0-084c2880b0c3,452-931
4a84e7c5-b1a2-515a-9795-244838f78b58,052-368
57e34272-0756-57e2-9f4a-af29b4463608,730-550
9af0ab59-d1c6-592b-9aca-62cd0cd729da,599-290
6d875a1a-8b2c-5167-a7c3-6ba826775222,673-926
2fdd7535-2368-5796-83e3-5b54e7b41d49,579-009
19a8edc1-83e7-5c29-9c29-f88b2724a464,352-390
77410fa5-7dc3-5416-aed0-19cfd52ae108,158-334
dbb9e26a-475f-57b1-846d-69de8d6cd253,271-186
cb2f4930-e0cf-5807-b9c1-be2959ca17c2,094-773
fb303cbb-6b74-5d74-8353-b3f85f3d704f,712-827
d0b1c9fa-8abe-5461-8256-760c0c381b40,052-368
c51e93eb-68aa-5041-82d8-2c74dd7eb431,929-224
5073c4e4-ee99-5210-a69f-401ee6d12d53,387-941
932330de-1aa5-58bf-8d9f-bce3bdaef7c8,052-287
3e9ccf55-7607-5fd9-9315-aabdb9c53d3f,462-966
77c6be6e-15e7-5863-a30b-d72baca1865b,623-606
4bcf78c1-81e9-5807-b87a-c921ef2b924c,094-773
fbfde02d-6fd9-586c-bce6-a1b5c1d2694a,218-367
dd6365bc-6846-58ff-b868-b5ddcbebe57a,778-967
a8ca1219-8969-5667-afe2-21b3595379d3,599-290
3f492a03-7431-59e2-9a6d-4ca9e37e0019,387-941
af2faf83-e59c-566b-b964-db4b9fdddba5,716-808
c3418a61-a9c9-5eff-8126-00534e59a8f5,541-703
aa327125-741b-56fe-80ed-2abd6ccbcdc7,094-773
603ae192-4b78-59ed-9998-fa401c015f0b,199-306
6dfe458c-5f1d-5821-a4b6-0c6438da7168,810-126
d25665df-1ad0-5e9a-9991-715fc634bf31,680-801
d4b6b228-a22e-5354-a7a0-9b158eb6b053,479-036
d1f32710-7329-5ab1-b1ca-a6871c955635,989-678
2ed7177a-3358-5b0f-aed4-0df888e3d99f,599-290
c9377ead-446e-59de-9398-e864a164cb71,579-009
ac1b5957-ecc7-526d-918a-3304626dece9,167-161
d69864fb-2f0e-5a6e-87d8-02183a0431c1,271-186
bf0a41fc-4f5f-555a-b86e-84a567e63d51,068-898
f25ab690-e94d-506f-b443-5eee100f4ebc,479-036
d2aa10b8-3c34-5cca-ab19-45c6ce79cfc1,641-429
1617216e-c141-59cf-906d-d02087516080,158-334
b6b79c38-bea9-59af-b9fa-7cd81187e76f,129-257
b6f3860b-a7be-5491-89d4-ef92a7988bf8,982-920
e01e9a76-73b0-5224-8f58-a0920d1a9e26,778-967
eacf5991-b668-5567-bce2-3ce9a118683d,452-931
858e1062-700b-5c05-912b-bcd6be74374e,778-967
7eac67d6-b73b-5a8a-a44f-cc5301ff46fd,579-009
3ee76b1b-df9b-5cf6-b57a-c5e24d536810,494-776
7ded6242-2eef-50a1-9a03-c3076c906d12,579-009
2bb3e6f8-e2b3-56d7-9d3b-bb53a4f5710d,898-820
79e8776c-1188-50e1-81ff-6198f14dbd77,294-979
37a0ae69-2022-5e6b-a677-5ba9285f468b,094-773
42089738-6d57-5fa0-bb08-4da63daffa05,982-920
f5affa54-f7e2-5aa6-9d9b-620b2a65f768,109-319
7384a0bf-cce2-5677-bda0-4c3e1ffc629d,781-999
b8bc3a26-5b9b-5459-9903-be876f685516,068-898
05e6a152-1438-5b0a-99dd-c7bac94d7891,781-999
43433713-3e22-51d9-951b-ecdd65e5daff,109-319
ee3c2540-7b83-5a19-a783-1359491dd4d9,989-678
42e5bb19-585e-5906-b8fc-c959fef89978,898-820
d179e1e9-6c8d-570d-aadf-b1687d22fdad,541-703
6526a8b1-19de-565b-b9d4-ef27dc130a0d,599-290
a67256cd-9c3e-590c-b267-4e19aa10e87a,158-334
609f3263-c8a5-56b5-b451-e236f45d01a0,199-306
90d03981-7edf-59bd-bef1-68097b882c40,778-967
062c5d57-5e8f-5792-b9d8-d52d56f256fb,294-979
25b7ad82-c23b-5ec5-8673-fa479ac94e59,387-941
4b505246-2288-5fe0-b381-ec449859482b,387-941
2e100099-d999-5e9e-be12-129f285da5f2,479-036
97e2f0ae-ce78-5816-8e2c-1e08f1d6889a,989-678
8cfad9a7-16c2-5834-a9f1-21e09392dd6b,271-186
c12776b2-d6c1-564c-af80-38c5eadd4f64,636-520
0d925153-3c90-537c-934c-6d6f9108b3ad,479-036
856736f7-01d6-54e6-af06-5b3d918ae533,494-776
a37f495d-e169-5520-a08f-9ec61fccda07,462-966
66992497-0aa4-53a2-a970-f7f17336f1de,548-915
56732813-d702-5e39-b187-4ff1c22e75bb,422-616
b5b6a93c-25be-52c3-9027-62e4c7e667ea,579-009
05b809c5-e117-5004-ac70-c3b0a750ddad,158-334
409ba785-e342-55c6-9834-461f8d031956,294-979
61389405-d77c-529f-a088-0080b5b76e1a,109-319
8d8c5287-1c79-5fee-b7c8-c6fea69b7a1e,094-773
d3c8b682-f532-5644-8309-8588697e7d34,109-319
3f90f58b-c06d-57f3-8f45-caf38aaf1a48,345-239
11344d1e-6afb-5ed1-a7d9-4293dcb3e5ea,109-319
704230cc-8701-5c52-9996-8c139f406a9c,352-390
3bdd404d-7d26-58cb-929d-450fc93db92d,052-368
70e47d95-16f1-5a9e-90af-c63f3d2b5792,387-941
8dbabe8a-0d02-59e7-bc6d-75d03fb5de2d,271-186
bbaca5b2-b870-5a3c-b011-02de1efcba64,778-967
9a38811b-f3db-59b3-a31e-1e432735b8bb,636-520
dc84c02c-cfb3-5dc1-a7c1-b5bd55d63c2f,898-820
21ea82a2-8965-5719-93e7-0cec37a2e1a7,309-591
b8713d4f-ba5e-58c0-a341-beacf9ddc8ec,094-773
7aea7999-82aa-559e-a359-647b9cc47d14,345-239
f5a4dd1d-7882-5709-94e1-6e0d6943034c,422-616
f61c93e1-df23-57bf-87e3-56a6d66ae1e2,068-898
4bdc0a5b-2d4c-5145-8606-c13e6903b1cc,179-310
34d9b527-24eb-5f3c-bc69-bfdb3f5d647d,989-218
9b1fe874-7b13-59d5-bb19-1e44563a0d26,708-380
03e0297e-9e55-58b1-8989-94e2ff1a1715,712-827
0d2350a9-8e98-5073-9723-4216f10a06eb,270-513
c97e0fdf-c53d-5db2-8a8f-86f1c2821b06,200-517
a55ced71-5215-5620-a83d-9a2ffa808c66,387-941
f96c6d4c-aaf6-5759-9b2e-df0b5267e6a1,129-257
bded053b-1c21-551c-ad3a-92fc54ba9da0,898-820
3cb71456-9aee-5a14-a548-7a2e5548b7a0,387-941
6d1f78a3-8521-53e0-98af-51aab48c0b9d,452-931
50e72c1b-1a9a-588c-8e5b-343a5c43dece,579-009
e25b9a00-645f-53bf-b1df-194e66a49b65,345-239
f06a6330-410f-57f6-8b8c-99e0ba72d6d6,726-682
6294b2c7-5534-5843-a535-162e7e6bed3e,479-036
9efa9291-cc47-554f-b527-5988b268bc82,579-009
5a4361d2-cf86-5bf1-a204-57ed527cc6a6,294-979
d4d27166-4958-5cf3-8395-ec7f2f49c31b,271-186
8649e4f5-97a9-50a7-b3c5-a76eb2a1f3d5,708-380
3bb8a6b3-4e2d-571e-99b7-bdd5d9699f65,352-484
59b4d728-7a43-58be-bf97-523bfef1dcc0,271-186
b90b2756-9196-536a-a59d-2129681bccaf,898-820
77b390fe-b79c-5690-800e-7a2257def58b,109-319
e43c597c-b7dc-5e3a-a833-5244755d4402,068-898
06d7e2eb-b075-5463-b753-11ed9cead242,167-161
16380b1d-b838-5d22-b525-5c86c23f4548,452-931
c2eade22-bb5b-532a-9831-f59492dae60f,494-776
03587905-7965-5d6f-98fe-402a752ce9da,270-513
fa452e4d-83f6-5600-b492-b9950862d700,778-967
b8b4fcc4-3149-51ab-8ca1-cb93fbc54902,068-898
e7ebb026-0b7e-5e61-b814-22b34be7697a,200-517
1b6a8998-75f8-5fe2-85d5-237123fe3fc6,527-774
b09bfe00-46df-595c-a66b-c415dfff3710,158-334
4455833f-eeae-5a39-b9db-05d3f3810160,541-703
4a76d1d9-e8b8-5419-9a1d-7bc650244d84,270-513
1784e435-1fcf-53b3-a670-440b7a94ac6d,541-703
95ffbea4-a515-5344-8166-97c35815db8a,599-290
5a1ef92f-73cc-587e-a3ec-32ea4f37e171,680-801
29ad20b0-494c-5ce8-865f-79417836a0dc,548-915
f7eb2b02-a7b8-5a62-8410-b813007e1941,068-898
23d02c84-8007-52b2-ae95-e32059e8cb51,636-175
5129e018-097d-5ce1-9f71-372b0318cce9,270-513
dfc70a73-d408-5805-85ad-0f5d99360662,094-773
51119cb2-1faf-5ce0-9203-251704b1b410,387-941
9ecae535-c061-53ca-b24e-3e0c5b02fd61,494-776
a91de0f0-ec13-5f09-8740-9b1a47b61f77,129-257
5cd330be-de25-5a69-a239-3996321ca083,052-368
54aaa978-6737-5c0c-bc14-3fa2a78d5756,898-820
2e795615-d2f0-5f03-8fe8-5d7a514cfee7,989-218
90bfd2bc-7694-531e-af63-d60c767d6295,345-239
4ab69aba-0b0f-5df8-8ace-871cbb45dd7e,199-306
203b9554-53cb-5ab3-938a-a50099feb37c,708-380
d986e8a5-0430-5e74-8996-88ad16cb7941,806-762
1073164a-5593-5040-a74f-a476d2973519,716-808
cbcafdcd-27b5-56cd-ad24-42234ae6cb19,541-703
e0f77a41-89ff-581a-80d5-956dc8e723c5,579-009
fbfd4d6a-becd-5a88-88b4-d7826e602b7f,109-319
0f36091e-55b7-5ffd-80a8-ad6eb5bbf26d,354-400
a35ae086-f62a-5c3b-a518-e2e7cef20deb,271-186
a96f9643-5b08-571d-a902-0d37bcf42b1a,271-186
c03bffee-a288-51f9-a162-82a98c1773ae,898-820
5934f3f7-4ec5-5b49-ab15-e4b22c07735c,712-827
3d53982c-1671-57a3-86f2-65efa01e9cd6,271-186
742d910c-9a25-57e8-b313-29625a73daf1,673-926
55d45c1e-5b78-505c-81ca-787188d09a59,422-616
8c6dbde2-4243-5556-8c51-ae1e1a45cb75,673-926
55fb4068-618b-5925-a4ad-d62aa8832b49,989-678
078519f8-dc36-52ff-b79a-108737bb34f3,778-967
c59b4e2e-35d6-5ce5-8506-f02444a83668,345-239
1bd7d6ab-40ad-52d3-8540-4f4f9edea83a,129-257
a2b738f0-14f6-5af1-a7a4-9a263cc47c02,541-703
56ccb56c-08a3-54ad-95f5-284fcd88d69e,397-304
c579ced8-ff46-544c-9171-17bacd3c351b,781-999
97e5819a-e6a6-5e73-b9df-4a96a9dd15c4,716-808
6f3b09a5-e55c-52bc-92aa-ae9d5e0547f4,712-827
e3ca0358-1f24-5c94-91dc-42ae52c55081,579-009
3ff5f434-3f19-5ef6-a634-5e50fb699fb2,781-999
937c7715-d992-51e8-9cce-0766fec738c5,185-279
b1d03d52-5a5a-57ba-80e8-e6b707d8ca0e,579-009
38a6c668-4bec-5a8d-9ae3-68cbe72345cf,579-009
767ed88a-e3b9-52d3-a428-abd69d7f8433,548-915
04b728f8-34da-534c-a251-02d8ecda027f,387-941
32952fff-1e56-590b-94d5-d847694f3004,052-368
428918b2-cd24-5c5c-9323-ef8b7349496c,579-009
bae3d243-8ba4-52b9-9a84-9be7b9d75de1,778-967
6c38aeb7-ce59-5d37-9e82-45b9d5cee61a,068-898
38eb1bc6-d6f3-5a46-93cd-a130044d8f91,781-999
449004f1-3476-52c7-872f-349580d41d57,158-334
6ed61255-5ae3-5300-b8a0-9155de812790,068-898
34c9d9d0-35a9-5184-9df2-21fd3815e566,294-979
77dbf64f-a55f-5b55-b0e3-a47dd078c550,989-678
abab045b-0027-504e-9ba0-5e6aac867e8f,989-678
e809e158-4b3b-5bd5-ad0e-94c2aa9cdd71,806-762
b3f3c3e5-d8b2-5d10-8267-e8eede25fd3b,109-319
e7fbfb49-3a43-5caa-83b6-62387ef6a53d,462-966
ff956aed-bce8-5039-a56b-bb6763d69439,989-678
dfe8631b-7d97-5b8e-b6ce-475fef584c30,129-257
e572b7e2-f9c1-50b1-a644-78d1913070f7,778-967
d8638e9c-c348-584c-bcb3-e710ca4c9b19,109-319
620053fe-54d6-51c8-a585-8b03a3d92f55,199-306
70326b0a-3753-50f3-94e3-959ae5726941,367-394
e035d8f8-4254-5b66-9ac9-75d8c8eaffcd,579-009
e0b6fd3f-ed9e-58c8-9d41-b8d3ad3b5921,806-762
02bfc1de-5c6c-5b91-b7cd-3f02b01b3bd3,778-967
69366d31-8e4b-58c1-a450-573cc8a9998d,185-279
f18f3e74-7346-50da-b041-3d270edeac3c,989-678
f06f8530-7936-5fba-bf49-c1bf99dbf41a,270-513
242ec811-b31b-5a7f-ae09-3b4a204aa94f,363-296
8cd116c9-cac1-5a74-9424-7ea6df258e36,636-175
ba51001b-650a-56e8-acf5-7671eaf99c82,452-931
6593a699-23bc-552f-9684-4f29e983ed70,778-967
0bc7ef25-17fa-5480-b877-af352708673a,352-484
bd366e9e-c7a2-55b2-8add-b0e37fd9b6d4,548-915
aa4a0c59-541f-569d-87ca-4c906bf69834,270-513
e846c8d0-0ab8-5bf6-9ebb-e237b5e6dd09,469-750
33798b19-0d02-519a-958b-dceab4e0f82e,270-513
3dd61893-35d9-560d-9a29-48252b8557d1,068-898
42ce6f15-e881-5af8-8106-687253c2cb8a,712-827
a8d77702-65c7-59b8-8dae-acc2bc446224,579-009
a0717447-c836-58ad-b519-08850da93332,654-417
0e950669-a70c-5d53-9eae-f73d245583de,109-319
4fde130e-ec50-561f-9f96-acfa028bf98b,526-410
c62cbf50-b910-502a-8fc6-4c35f36fed96,989-218
ecb477e9-f308-5f2f-b041-4b50be103dc8,452-931
14c21c0d-21e1-5483-b9fb-b45e77d54e93,806-762
1b6d32f0-8419-5a4c-8afb-b4761d10d268,860-578
54033b89-f53b-5b40-a1f4-9d01f3304624,654-417
5fddd2b8-8fef-5649-a9c5-730a7117c198,200-517
fd737863-9b56-59c4-9ea3-fd27b21f6ee6,387-941
79499842-8372-53b4-a23a-64d81bb77dd4,179-310
70c93f3c-4d52-5db0-b544-26917c44e43c,158-334
59b79ba7-33b3-5022-85fd-25ac4003ac09,806-762
fb4fb962-4ed9-530f-b956-83cc7978241d,654-417
55e1f73e-68f1-56cd-8ea6-2c9d55d1a174,778-967
f2de199a-d955-5b9c-84d2-2aa7f451cf1d,200-517
df0dd180-4238-5dd2-920a-35280e8a791e,422-616
22de5990-031c-5c37-96c1-44236737cbdf,641-429
c6b0f9b6-66be-51e4-86f9-276791f85598,526-410
2256c083-fb8b-5edb-b820-3b7307e6466e,898-820
9ab4d66f-9d7f-5c69-83a6-3833ae316520,579-009
c99c7fb2-d9d5-539e-bfaf-dc2a10e6cd41,479-036
2a777c44-4e9d-5958-b5ff-206700863374,778-967
5f709d44-30d8-50ee-849b-1fa21c0877fc,976-968
6f33a863-08b1-518a-958c-f993954f797c,158-334
6ef34241-73fa-5e9e-8896-62c3a651be29,452-931
da4e3b35-779c-5a2e-8b1e-fa67cc268cf0,068-898
1b1cd3fa-0afc-55b8-bebc-ef9a4277e817,462-966
ededd96a-b96c-53ba-ae48-b10064197a14,185-279
8d20ab0b-95a7-5605-bda4-cf166666a173,185-279
ce382b5c-1df7-5a9b-9ff2-03c433619933,989-678
88606515-2cfb-5939-b92a-a76ee8938342,199-306
d8e0e43d-c137-5fd5-b0f7-ca3878b6ebb6,439-841
a2b8e78f-44d5-5a06-8154-32b5a31c89cf,860-578
cc408cd7-48c9-5dd2-a04d-309f66289cbe,199-306
bf238b36-9fe8-577b-bcbf-1d7f812de379,843-191
0d99434a-413b-5cdc-9ce4-cbf2f8d25111,860-578
8f859bfb-1bef-577d-8825-3c122d75a353,599-290
99cb0726-5cc5-5fbc-86a4-c67886d5361f,200-517
8a027650-d32e-50eb-a66d-f7b6cdeb1dcf,527-774
f6f4ffef-c2f7-5d5f-9ca6-c613b0b7b93b,068-898
480628ab-6a6d-5dd0-b66d-9b7440b918f7,109-319
d3542836-6b29-58aa-bff8-a121edd02578,352-484
f38aa2b8-c2cc-5c31-9fd2-df0b14608e41,843-191
c9daf04f-ee0f-54d6-bed5-be95cf4d98f3,898-820
fbce31dc-ad34-54db-8f3e-235ee1d91dd4,345-239
5e42a187-b6b6-539c-90e5-6d8b7a54d7d2,989-218
07b2dec0-9e33-5b91-9c48-5ff274e6a66d,129-257
2ca25c34-09d6-5137-a7ba-dd0b340383f1,579-009
8d7b2977-e5ce-5313-98e9-b71bb94b464f,898-820
36984432-94dc-5407-aa83-217096b1a17b,778-967
eaf30b5a-a318-580f-b4a4-e8ed6d54af06,778-967
f929ff00-942e-50b0-a989-3f6673cea959,989-678
3669cc83-7e4a-554b-96ad-0895644c832b,541-703
4bc467e2-ddaf-577a-a69f-243807575234,726-682
9d0e5223-c2d2-5200-aa16-3273889fd036,354-400
09d42986-9b77-5885-b392-b736abed0c43,541-703
6eae5a64-74a9-571c-b712-6d716fb5ba68,548-915
5568387c-58e6-5ee1-8b02-674c7f46cc15,673-926
b52ca798-9517-5d5b-9f40-1559d6a6a743,052-978
ee08e250-7e83-5c99-8fb1-0f75bcde8e85,599-290
968db753-76a7-5a3e-8136-cdc4143cc622,898-820
618f130d-e780-5bf0-bdcb-bfe3ca59c831,654-417
2f88be24-52e6-5b38-89f6-4c7d2836233c,810-126
40c4897d-e489-5b9c-a722-eb89583d8388,109-319
6735453f-090f-5d9f-9525-56f01478ab1f,109-319
4c39088e-7fcb-5c05-83e9-76a02b75fe88,271-186
8ddba762-403e-5a74-862a-84845a29f324,168-184
10aa77b6-de1e-5fb9-9f95-1c7989780e39,982-920
54043924-6c59-5f59-b125-851c9c7abc96,781-999
c27a5ce8-c012-5b00-b3d3-dd7b0b8221cd,541-703
1651e193-0575-57b0-80db-fe8e45d31e99,494-776
a16238f8-3839-5b1d-b2bc-46e1b78fc068,270-513
af182af7-8c04-5122-9975-1ea422555015,806-762
6f0db802-e846-5e7d-abb0-e8213d23bb12,636-520
4c216511-583a-57b8-ac30-c4c34a1d5841,548-915
e5f19273-72be-5bda-a460-ea7bae8f5096,989-218
c5c4cc6b-8915-5223-b0e5-b25eb0fdbb0e,541-703
345f52d5-f1d3-50ba-8bca-ae8abb22b1b1,345-239
c1a62931-2d31-575f-8331-aa92917135d4,989-678
268f3204-bc87-5442-ba8e-c26a0ddde775,271-186
4d55aaa6-2177-54d5-a9b2-f35ff9abae59,541-703
172814e8-6f74-5ea9-939d-d3651d34b0ac,898-820
bcd6607f-97ab-5bab-b92a-72cbd6ad4c3b,860-578
0b5e2323-2101-5ad5-a507-1319c68e4016,680-801
31fb8246-4616-5159-ab6b-d1ce694ce57b,354-400
0ede31ba-d23f-572d-b958-81a1cb4c8aa3,439-841
5e57d338-04d4-5db6-a9f1-77056ea8e9ec,527-774
2b14389e-eae1-5bd8-b30d-e29c3d1fb217,158-334
a98207e1-4184-5bea-b411-c17463612ecb,469-750
710814da-f99b-56a1-90cc-4f84057bf41d,708-380
e39a8712-081d-5d47-9d2d-e0783fbff3b4,052-287
8673d385-e652-5813-b137-d9a417c51950,218-367
769c8120-00f9-512e-9193-69ce01c5d10b,462-966
a4589ed7-d304-5dcf-a490-8df31b9cb5fc,636-520
e6162013-807f-54c4-b36c-0ef9656602da,167-161
39af1419-915d-5e57-ae89-b2e5c5b9fcf9,109-319
523caf14-60d2-5b4c-9a64-d5bb48c54895,052-287
2fc49230-7b43-53cc-98fd-0ffdcc2e1517,439-841
7c326238-72aa-5115-97eb-bc726e2b1417,982-920
7f8d70de-b62c-5047-bd81-e94f7e2608b0,387-941
dc5dca75-81ca-558b-9ad6-f58c344a2a48,109-319
ec476302-7a68-57b9-a54b-4142894f92d9,778-967
db13a8b0-07aa-55e7-81cb-723f6b4a1cbe,527-774
2b27b977-c0cc-5912-a18a-f6ecb78602f3,730-550
30dabaec-01df-570f-8cbf-8aea057bb6f2,839-426
345e8a09-e044-5b57-b778-26fb68210868,387-941
02715556-7a53-5a62-bcc8-2272fee258a2,469-750
9a19a452-e6f0-5d49-9210-d9012a09fbce,068-898
